Day_of_week,Age_band_of_driver,Sex_of_driver,Educational_level,Vehicle_driver_relation,Driving_experience,Type_of_vehicle,Owner_of_vehicle,Service_year_of_vehicle,Defect_of_vehicle,Area_accident_occured,Lanes_or_Medians,Road_allignment,Types_of_Junction,Road_surface_type,Road_surface_conditions,Light_conditions,Weather_conditions,Type_of_collision,Number_of_vehicles_involved,Number_of_casualties,Vehicle_movement,Casualty_class,Sex_of_casualty,Age_band_of_casualty,Casualty_severity,Work_of_casuality,Fitness_of_casuality,Pedestrian_movement,Cause_of_accident,Accident_severity,Hour
5,0,0,2,3,4,7,0,2,0,1,3,0,1,0,0,0,0,1,2,1,0,1,1,1,1,1,1,0,2,Slight Injury,18
1,0,0,2,3,4,2,0,2,0,1,3,0,0,4,0,0,0,1,2,1,0,2,1,3,1,1,1,3,9,Slight Injury,15
1,0,0,1,0,3,0,1,2,0,1,3,0,0,0,0,0,0,1,2,1,5,2,2,3,2,1,1,2,5,Slight Injury,15
0,1,0,1,0,1,2,0,2,0,0,3,0,2,0,0,0,0,2,2,4,0,1,2,1,1,2,1,0,5,Slight Injury,15
0,1,0,1,2,1,3,0,2,0,1,3,0,2,0,0,0,0,2,2,4,0,3,2,3,1,1,1,0,8,Slight Injury,15
0,1,0,2,3,4,0,0,4,1,5,1,0,2,0,0,0,0,2,2,4,0,3,2,3,1,0,0,0,6,Slight Injury,15
0,1,0,3,2,1,10,0,4,1,3,4,1,2,0,0,0,0,1,2,4,0,3,1,3,1,1,1,0,1,Slight Injury,15
2,1,0,2,3,4,3,0,2,0,5,4,0,2,0,0,0,0,1,2,1,0,3,1,3,1,1,1,0,7,Slight Injury,12
2,0,0,1,2,2,3,0,2,0,1,3,0,2,0,0,0,0,1,2,1,0,1,1,2,1,3,1,0,8,Slight Injury,12
2,0,0,1,2,1,0,1,5,1,1,6,0,2,0,1,0,1,1,1,2,0,0,0,0,0,1,1,0,3,Slight Injury,6
2,0,0,4,2,1,10,1,2,0,4,3,0,2,0,1,0,1,7,1,2,0,1,1,2,1,1,1,0,12,Slight Injury,6
6,0,0,2,3,4,0,0,2,1,5,0,0,1,0,0,0,0,7,2,1,0,0,0,0,0,1,1,0,3,Slight Injury,10
6,4,1,3,0,2,12,0,5,1,1,3,0,1,0,0,0,0,1,2,1,0,1,1,1,2,1,1,0,1,Slight Injury,10
0,1,0,3,2,1,12,0,2,0,1,6,0,1,0,0,0,0,1,2,1,6,0,0,0,0,4,1,0,5,Slight Injury,19
0,1,0,1,2,6,0,0,1,1,1,1,0,1,0,0,0,0,1,2,1,0,1,1,1,1,1,1,0,14,Slight Injury,19
0,1,0,1,2,3,2,0,2,1,5,1,0,0,0,0,0,0,1,1,1,3,0,0,0,0,5,1,0,13,Serious Injury,17
6,0,0,1,2,3,2,0,2,0,5,1,0,2,0,0,0,0,1,2,1,0,3,1,4,1,1,1,0,15,Slight Injury,12
6,4,0,4,2,2,2,0,2,0,2,1,0,2,0,0,0,0,1,2,1,0,1,1,2,1,1,1,0,3,Slight Injury,12
0,4,1,1,2,4,0,0,2,0,6,1,0,2,0,0,0,0,1,1,1,0,3,2,3,2,0,0,0,8,Slight Injury,8
0,0,0,2,2,6,0,4,3,0,2,2,0,1,0,1,0,4,1,2,1,0,0,0,0,0,1,1,0,5,Slight Injury,8
0,0,0,3,2,1,4,0,1,0,12,2,0,1,0,1,0,4,1,2,1,6,1,1,4,1,0,0,0,6,Slight Injury,8
3,0,0,3,2,6,4,0,2,0,6,3,0,1,0,0,0,0,1,1,1,0,0,0,0,0,0,0,0,2,Serious Injury,9
5,1,0,1,2,2,2,0,1,1,1,0,0,1,1,0,0,0,2,1,1,3,1,1,4,1,0,1,0,7,Slight Injury,7
3,0,0,1,2,2,2,0,4,1,0,4,7,1,0,0,0,0,5,2,1,0,0,0,0,0,1,1,0,1,Slight Injury,17
3,3,0,2,2,4,7,0,2,0,5,4,0,1,0,0,0,0,1,2,1,0,1,1,4,1,1,1,0,12,Slight Injury,17
0,4,1,1,0,0,12,0,2,0,5,1,0,1,0,0,0,0,1,1,1,0,3,1,4,1,1,1,0,6,Slight Injury,8
0,2,0,4,2,2,2,1,3,0,3,4,0,0,0,0,0,0,1,2,1,0,1,1,3,1,1,1,0,7,Slight Injury,7
0,4,1,1,0,2,0,1,3,0,6,2,7,0,0,0,0,0,1,2,1,0,3,2,1,1,1,1,0,3,Slight Injury,7
4,1,0,1,0,2,12,3,3,0,1,2,0,1,0,0,0,0,1,2,1,5,0,0,0,0,1,1,0,12,Serious Injury,14
4,4,1,1,0,2,15,0,5,0,1,1,0,1,0,0,0,0,2,2,1,2,1,1,2,1,4,1,0,3,Serious Injury,14
2,1,0,1,0,1,0,0,2,1,1,3,0,1,4,0,1,0,2,2,1,0,3,2,3,1,0,1,0,3,Serious Injury,21
2,0,0,1,0,2,0,0,4,1,5,6,0,1,0,0,1,0,1,2,1,3,1,1,3,2,1,1,0,2,Serious Injury,21
3,0,0,1,0,5,2,0,2,1,1,1,0,2,0,0,1,0,2,2,1,0,0,0,0,0,0,0,0,16,Slight Injury,21
3,1,0,0,0,6,0,0,2,0,5,3,0,2,0,0,1,0,1,2,1,13,1,2,4,2,5,1,0,12,Slight Injury,21
6,0,0,3,0,2,1,0,0,0,3,6,0,1,5,0,0,0,1,1,1,0,0,0,0,0,0,0,0,8,Slight Injury,12
5,1,0,3,0,2,2,0,2,0,0,2,0,1,0,0,1,0,1,1,1,0,1,1,3,1,5,1,0,12,Serious Injury,21
4,1,0,1,0,2,1,0,2,0,5,6,0,1,0,0,0,0,1,2,1,0,0,0,0,0,0,0,0,2,Slight Injury,15
4,4,1,4,0,2,2,0,1,1,5,4,0,1,0,0,0,0,1,2,1,0,1,1,1,1,5,1,0,6,Slight Injury,15
3,1,0,1,0,2,2,0,3,0,5,4,0,0,0,0,0,0,1,2,1,3,1,1,1,1,0,0,0,3,Slight Injury,10
3,1,0,1,0,3,2,0,2,1,5,1,0,0,0,0,0,0,7,2,1,3,3,1,4,1,0,0,0,8,Slight Injury,10
3,2,0,7,0,2,7,0,0,0,0,0,0,1,0,0,0,0,1,1,1,0,3,2,2,1,5,1,0,0,Slight Injury,12
4,1,0,1,0,1,7,0,1,0,1,1,0,2,0,0,2,7,2,1,1,5,0,0,0,0,4,1,0,0,Slight Injury,1
0,4,1,1,0,0,10,0,2,0,2,2,1,1,0,0,0,0,1,1,1,5,0,0,0,0,2,1,0,8,Slight Injury,9
4,4,0,7,0,6,2,1,2,0,1,2,2,1,0,0,0,0,2,1,1,0,1,1,1,1,4,1,0,8,Slight Injury,15
4,0,0,3,0,0,0,0,1,0,3,2,0,2,0,0,0,0,1,3,1,10,0,0,0,0,0,0,0,8,Slight Injury,8
4,1,0,1,0,2,9,2,2,1,4,0,1,2,0,0,0,0,1,3,1,6,3,2,1,1,4,1,0,7,Slight Injury,8
4,1,0,3,0,1,0,0,2,0,0,1,0,2,0,0,0,0,7,3,1,0,1,2,1,1,0,0,0,12,Slight Injury,8
6,0,0,1,0,2,4,1,0,0,0,2,0,1,0,0,0,0,1,1,1,5,1,2,2,1,4,1,0,3,Serious Injury,8
4,4,0,3,0,3,1,0,3,0,3,2,0,0,0,0,0,0,1,1,1,5,0,0,0,0,4,1,0,2,Slight Injury,10
3,0,0,1,0,3,10,0,4,0,0,1,0,1,4,0,0,7,1,2,1,6,1,2,1,2,4,1,0,12,Slight Injury,18
3,3,0,1,0,1,3,0,5,0,0,2,0,1,0,0,0,7,1,2,1,3,0,0,0,0,1,1,0,12,Slight Injury,18
6,4,0,1,0,3,2,0,2,0,1,1,0,0,0,0,0,0,7,1,1,2,1,2,2,1,1,1,0,8,Slight Injury,16
4,0,0,1,2,6,10,0,4,0,1,3,3,1,0,0,0,0,1,2,2,0,0,0,0,0,6,1,0,5,Slight Injury,17
4,1,0,1,0,3,2,0,0,0,1,2,0,1,5,0,0,0,1,2,2,0,1,2,1,1,1,1,0,3,Slight Injury,17
2,0,0,1,0,1,7,0,3,0,1,1,3,1,0,0,0,0,1,2,1,0,0,0,0,0,5,1,0,3,Slight Injury,15
2,1,0,1,0,3,2,0,2,0,1,4,0,1,5,0,0,0,1,2,1,0,1,1,2,1,0,0,0,8,Slight Injury,15
2,1,0,3,0,1,12,0,2,0,1,1,0,1,0,0,0,0,2,2,1,6,0,0,0,0,0,0,0,8,Slight Injury,6
2,0,0,3,0,1,10,0,2,0,1,2,0,1,0,0,0,0,1,2,1,0,2,2,4,2,1,1,3,16,Slight Injury,6
0,0,0,3,4,1,0,0,0,0,0,2,0,2,0,0,0,0,1,2,1,0,0,0,0,0,1,1,0,13,Slight Injury,7
0,1,0,1,0,1,1,0,1,0,0,4,0,2,0,0,0,0,1,2,1,0,1,1,2,1,1,1,0,6,Slight Injury,7
2,1,0,1,0,6,12,0,2,0,5,4,0,1,0,0,0,0,1,1,1,0,0,0,0,0,1,1,0,7,Slight Injury,17
2,1,0,3,0,2,2,0,1,0,6,1,0,0,0,0,0,0,2,2,1,5,1,1,4,1,0,0,0,6,Slight Injury,17
2,4,0,1,0,3,0,0,2,0,2,2,0,0,0,0,0,0,1,2,1,0,2,2,4,2,1,1,1,5,Slight Injury,17
3,4,1,1,0,1,1,0,2,1,3,1,0,1,0,0,0,0,1,1,1,0,0,0,0,0,5,1,0,5,Slight Injury,7
2,0,0,1,0,6,3,2,2,1,0,2,1,1,0,0,0,0,1,2,1,0,1,2,1,1,5,1,0,0,Serious Injury,20
2,3,0,1,2,3,0,0,0,0,0,2,4,1,0,0,0,0,1,2,1,0,1,2,2,1,5,1,0,8,Serious Injury,20
5,0,0,1,0,1,9,0,4,0,1,3,0,2,0,0,0,0,1,2,1,6,1,2,1,1,1,1,0,0,Slight Injury,8
5,0,0,7,0,3,7,0,4,0,7,1,0,2,0,0,0,0,1,2,1,2,1,2,2,1,2,1,0,6,Slight Injury,8
1,1,0,1,0,3,2,2,2,1,8,2,0,2,0,0,0,0,1,1,2,0,3,1,3,1,0,0,0,12,Slight Injury,17
1,1,0,4,0,3,2,0,2,0,3,2,0,2,0,0,0,0,1,1,2,0,1,1,3,1,5,1,0,8,Slight Injury,17
1,0,0,1,0,0,2,0,2,0,0,5,0,1,0,0,0,0,1,1,1,0,3,1,3,1,2,1,0,5,Slight Injury,8
3,3,0,4,0,2,4,1,6,0,0,1,0,1,0,0,0,0,1,1,1,0,1,2,3,1,0,0,0,3,Slight Injury,8
6,0,0,3,0,3,2,0,1,0,5,1,0,5,0,0,0,0,1,2,1,0,0,0,0,0,0,0,0,8,Slight Injury,9
6,1,0,1,0,0,2,1,2,0,0,2,0,5,0,0,0,0,2,2,1,0,1,2,1,2,1,1,0,12,Slight Injury,9
0,1,0,3,0,0,15,0,3,0,9,1,5,1,0,0,0,0,2,3,1,3,0,0,0,0,0,0,0,8,Slight Injury,12
0,4,0,4,0,5,2,0,4,0,9,1,5,1,0,0,0,0,2,3,1,0,0,0,0,0,1,1,0,6,Slight Injury,12
0,0,0,1,2,2,11,0,2,0,1,3,0,1,0,0,0,0,7,3,1,11,1,1,1,1,1,1,0,3,Slight Injury,12
6,0,0,1,0,0,0,0,4,0,0,1,5,2,1,0,0,0,1,1,1,0,0,0,0,0,1,1,0,7,Serious Injury,8
0,1,0,1,0,3,2,0,2,1,0,2,0,0,0,0,0,0,1,2,1,0,3,2,3,1,1,1,0,6,Slight Injury,10
0,4,0,1,0,2,9,0,2,2,10,2,0,0,0,0,0,0,7,2,1,0,0,0,0,0,5,1,0,2,Slight Injury,10
4,1,0,2,3,4,1,0,0,1,0,2,0,1,0,0,0,0,1,1,2,0,1,1,2,2,5,1,0,17,Slight Injury,18
4,1,0,2,3,4,10,0,1,3,6,2,0,1,0,0,0,0,1,1,2,0,2,2,3,1,1,1,0,14,Slight Injury,18
3,1,0,1,0,3,0,0,2,0,1,1,0,2,0,0,0,0,1,2,1,2,0,0,0,0,1,1,0,12,Slight Injury,7
3,4,0,1,0,1,7,0,5,0,1,6,6,2,0,0,0,0,1,2,1,2,1,2,2,1,0,0,0,14,Slight Injury,7
6,1,0,1,2,1,0,1,2,0,1,6,3,1,0,0,0,0,1,2,1,2,3,1,3,1,1,1,0,12,Slight Injury,7
6,1,0,2,3,4,0,0,4,1,5,1,6,1,0,0,0,0,1,2,1,11,3,1,3,1,1,1,0,7,Slight Injury,7
0,1,0,3,2,1,0,0,4,1,5,1,0,1,0,0,0,0,2,1,1,0,0,0,0,0,1,1,0,12,Slight Injury,10
0,1,0,2,3,4,2,0,5,0,0,6,0,0,0,0,0,0,7,1,1,7,1,1,1,1,0,1,0,3,Slight Injury,14
3,1,0,1,2,2,0,0,2,1,5,6,0,0,4,0,0,0,1,2,1,3,0,0,0,0,0,0,0,0,Slight Injury,18
3,0,0,1,2,1,0,0,6,1,5,1,2,0,0,0,0,0,1,2,1,5,0,0,0,0,1,1,0,12,Slight Injury,18
3,0,0,4,2,1,7,0,1,1,5,6,0,1,1,0,0,0,2,2,1,0,1,1,2,1,1,1,0,3,Slight Injury,8
3,3,0,2,3,4,8,1,1,0,5,1,0,1,0,0,0,0,1,2,1,0,2,1,4,3,5,1,2,12,Slight Injury,8
0,1,0,3,0,2,0,0,4,0,5,3,2,0,0,0,0,0,1,2,1,0,0,0,0,0,1,1,0,12,Slight Injury,8
0,4,0,3,2,1,7,0,2,0,5,6,0,0,0,0,0,0,1,2,1,3,1,1,2,1,1,1,0,12,Slight Injury,8
0,0,0,1,2,6,10,0,4,1,6,6,0,2,1,0,0,0,1,2,1,6,3,1,4,1,1,1,0,3,Slight Injury,13
0,1,0,1,2,3,10,0,1,1,5,1,0,2,0,0,0,0,1,2,1,2,0,0,0,0,6,1,0,3,Slight Injury,13
3,1,0,1,2,3,0,3,4,1,3,6,0,1,0,0,0,0,1,2,1,11,0,0,0,0,0,0,0,12,Slight Injury,8
3,1,0,4,2,2,2,0,2,0,0,3,0,1,0,0,0,0,1,2,1,0,1,2,1,1,0,0,0,1,Slight Injury,8
1,0,0,1,2,4,0,1,0,0,5,6,0,1,0,0,0,0,1,2,1,0,2,2,4,1,0,1,0,3,Slight Injury,13
1,0,0,2,2,6,7,0,2,0,1,6,0,1,0,0,0,0,2,2,1,0,0,0,0,0,1,1,0,8,Slight Injury,13
6,0,0,3,2,1,0,0,2,0,3,7,0,2,0,0,0,0,2,1,1,0,1,1,3,1,1,1,0,5,Slight Injury,18
2,0,0,3,2,6,0,0,3,0,3,3,0,1,0,0,1,0,2,1,1,0,0,0,0,0,0,0,0,3,Slight Injury,1
6,0,0,1,2,2,2,0,2,0,5,6,0,1,0,0,0,0,1,2,1,0,1,1,2,1,0,0,0,3,Slight Injury,8
6,1,0,1,2,2,0,3,0,1,11,6,0,1,0,0,0,0,7,2,1,0,1,2,2,1,0,0,0,1,Slight Injury,8
0,1,0,2,2,4,15,0,5,1,1,4,0,5,0,0,0,0,1,2,1,0,3,2,3,1,0,0,0,5,Fatal injury,8
0,0,0,1,0,0,3,0,4,0,6,1,0,5,0,0,0,0,7,2,1,0,1,2,2,1,1,1,0,14,Fatal injury,8
0,0,0,4,2,2,0,3,1,0,11,1,6,1,0,0,0,0,1,2,1,11,0,0,0,0,1,1,0,1,Slight Injury,8
0,0,0,1,0,2,0,0,0,0,1,2,0,1,0,0,0,0,7,2,1,2,1,2,2,2,1,1,0,6,Slight Injury,8
1,2,0,1,0,2,0,0,4,0,5,6,3,1,0,0,0,0,1,2,2,0,1,2,1,1,2,1,0,0,Slight Injury,20
1,1,0,1,0,2,1,0,3,1,1,1,0,1,0,0,0,0,1,2,2,2,1,2,4,1,1,1,0,5,Slight Injury,20
2,1,0,1,0,1,3,0,4,1,1,6,6,0,0,0,0,0,1,2,1,0,1,2,4,1,0,0,0,6,Slight Injury,17
2,1,0,1,0,2,0,0,2,0,5,3,7,0,0,0,0,0,1,2,1,2,0,0,0,0,1,1,0,7,Slight Injury,17
6,1,0,1,0,5,0,0,3,0,1,1,2,1,0,0,0,0,1,2,3,13,0,0,0,0,1,1,0,3,Slight Injury,8
6,0,0,0,0,6,12,0,2,0,0,1,0,1,0,0,0,0,1,2,3,0,1,1,4,1,3,1,0,3,Slight Injury,8
6,0,0,3,0,2,10,0,5,1,5,6,0,1,0,0,0,0,1,2,3,0,1,1,1,1,1,1,0,3,Slight Injury,8
0,0,0,3,0,2,2,0,4,1,1,3,0,6,1,0,0,0,1,2,1,0,0,0,0,0,1,1,0,14,Slight Injury,17
0,4,1,1,0,2,8,0,1,1,1,1,6,6,0,0,0,0,1,2,1,0,1,1,1,1,1,1,0,2,Slight Injury,17
6,4,0,4,0,2,12,2,2,1,1,2,0,2,0,0,0,0,1,2,1,11,3,2,3,1,1,1,0,0,Slight Injury,7
6,4,1,1,0,2,7,0,1,0,5,6,2,2,5,0,0,0,1,2,1,0,0,0,0,0,4,1,0,13,Slight Injury,7
3,0,0,1,0,3,0,0,2,0,6,1,0,0,0,0,0,0,1,2,4,2,0,0,0,0,1,1,0,0,Slight Injury,18
3,0,0,7,0,2,0,0,5,0,3,1,0,0,0,0,0,0,5,2,4,2,1,2,3,1,5,1,0,8,Slight Injury,18
3,0,0,1,0,1,4,0,3,0,1,3,0,0,0,0,0,0,2,2,4,2,0,0,0,0,1,1,0,5,Slight Injury,18
3,0,0,1,0,0,2,0,5,0,6,1,0,0,0,0,0,0,1,2,4,0,1,1,1,1,1,1,0,6,Slight Injury,18
3,0,0,7,0,6,2,0,2,1,1,1,0,0,0,0,0,0,1,2,4,0,3,2,1,1,0,0,0,3,Slight Injury,18
2,4,0,3,0,0,5,0,2,0,1,2,0,1,0,0,1,0,1,2,1,0,2,1,3,1,1,1,0,5,Slight Injury,0
2,1,0,1,0,2,15,0,2,1,0,6,0,1,0,0,1,0,7,2,1,0,0,0,0,0,0,0,0,8,Slight Injury,0
0,1,0,1,0,0,2,0,1,1,1,6,0,1,0,0,0,0,7,2,1,11,1,2,2,1,0,0,0,12,Slight Injury,8
0,0,0,3,2,2,10,0,1,1,0,1,0,1,0,0,0,0,1,2,1,0,1,2,1,3,0,1,0,8,Slight Injury,8
1,3,0,1,0,3,0,0,4,1,1,3,0,2,0,0,0,0,1,2,2,0,0,0,0,0,1,1,0,0,Slight Injury,7
1,1,0,1,2,6,12,0,4,0,1,3,0,2,0,0,0,0,7,2,2,0,1,1,1,2,1,1,0,8,Slight Injury,7
3,1,0,7,0,2,12,2,2,0,5,6,0,1,0,0,0,0,7,2,1,6,2,1,1,2,1,1,2,0,Slight Injury,16
3,0,0,7,0,2,8,0,5,0,5,6,0,1,0,0,0,0,7,2,1,2,0,0,0,0,1,1,0,7,Slight Injury,16
3,0,0,1,0,2,0,0,0,0,0,6,0,1,0,0,0,0,1,2,1,0,1,1,1,1,1,1,0,2,Slight Injury,8
3,1,1,1,0,3,6,0,5,1,6,6,0,1,0,0,0,0,2,2,1,0,2,2,2,1,1,1,2,8,Slight Injury,8
0,1,0,1,0,1,6,1,5,0,6,3,0,2,0,0,0,0,1,1,1,6,0,0,0,0,4,1,0,5,Serious Injury,9
6,4,1,1,0,2,2,0,4,0,0,3,0,1,0,0,1,0,1,1,1,0,3,1,2,1,0,1,0,8,Serious Injury,23
4,1,0,1,0,1,2,0,2,0,1,6,2,1,0,0,0,0,2,2,1,6,3,2,2,1,1,1,0,7,Slight Injury,12
4,4,1,1,0,3,5,0,1,0,1,6,2,1,0,0,0,0,1,2,1,11,2,1,2,1,0,0,0,0,Slight Injury,12
6,4,0,1,0,6,0,0,4,1,0,6,0,1,0,0,1,0,1,2,1,13,0,0,0,0,5,1,0,7,Slight Injury,2
6,4,1,1,0,6,8,0,1,1,6,2,0,1,4,0,1,0,1,2,1,0,1,1,4,2,0,0,0,8,Slight Injury,2
2,0,0,1,2,2,12,0,2,1,5,6,0,1,0,0,0,0,1,2,1,0,0,0,0,0,5,1,0,7,Serious Injury,18
2,4,1,1,0,3,0,0,2,1,1,6,0,1,0,0,0,0,7,2,1,0,1,1,1,2,0,0,0,12,Serious Injury,18
6,0,0,3,0,6,0,0,2,1,5,6,0,1,0,0,0,0,5,2,1,0,0,0,0,0,5,1,0,9,Slight Injury,18
6,4,0,1,0,3,0,0,2,1,5,6,0,1,0,0,0,0,1,2,1,0,1,2,1,1,0,0,0,12,Slight Injury,18
3,0,0,1,0,2,0,0,2,1,4,0,0,1,0,0,0,0,1,2,1,0,1,1,2,1,0,0,0,2,Slight Injury,11
3,0,0,4,0,1,1,1,4,1,0,6,1,1,0,0,0,0,1,2,1,0,0,0,0,0,5,1,0,6,Slight Injury,11
0,4,1,4,0,1,5,0,6,1,6,1,0,1,0,0,0,0,2,2,1,0,0,0,0,0,4,1,0,3,Slight Injury,17
0,1,0,1,0,2,2,2,2,1,5,1,0,1,0,0,0,0,1,2,1,0,1,2,1,2,2,1,0,3,Slight Injury,17
2,4,0,3,0,0,2,0,5,1,5,4,0,1,0,0,0,0,5,2,1,0,0,0,0,0,4,1,0,8,Slight Injury,13
2,1,0,3,0,2,10,0,5,0,0,6,0,1,0,0,0,0,2,2,1,0,1,1,1,1,0,0,0,8,Slight Injury,13
5,1,0,1,0,2,12,0,5,1,1,4,0,1,0,0,0,0,1,2,1,0,0,0,0,0,4,1,0,2,Slight Injury,7
5,0,0,1,0,0,0,0,5,0,3,6,0,1,0,0,0,0,1,2,1,0,1,1,1,1,0,0,0,3,Slight Injury,7
6,1,0,1,2,2,9,1,2,0,0,3,0,2,0,0,1,0,1,2,1,0,0,0,0,0,4,1,0,6,Slight Injury,22
6,1,0,4,2,1,15,0,2,0,1,7,0,2,0,0,1,0,1,2,1,0,1,1,1,1,4,1,0,2,Slight Injury,22
2,4,0,2,2,6,0,0,4,1,5,0,0,1,0,0,0,0,1,1,1,2,0,0,0,0,4,1,0,6,Serious Injury,9
2,0,0,7,2,2,9,0,5,1,6,2,0,1,0,0,0,0,1,1,1,0,1,1,1,1,1,1,0,0,Slight Injury,16
1,0,0,0,0,1,15,0,0,1,3,0,0,2,0,0,0,0,7,1,3,0,2,2,4,2,1,1,2,17,Slight Injury,8
1,0,0,4,0,6,10,0,5,0,2,4,0,2,4,0,0,0,1,1,3,0,1,1,2,1,6,1,0,8,Slight Injury,8
1,0,0,1,0,0,2,0,5,0,7,1,0,2,0,0,0,0,1,1,3,13,0,0,0,0,1,1,0,8,Slight Injury,8
0,0,0,1,0,1,8,0,5,0,5,6,0,1,4,0,0,0,2,1,1,3,0,0,0,0,5,1,0,8,Slight Injury,18
5,1,0,1,2,1,0,0,5,1,5,6,0,1,0,0,0,0,1,2,1,0,1,1,1,1,0,0,0,2,Serious Injury,19
5,1,0,1,0,1,6,0,5,0,3,6,1,1,0,0,0,0,1,2,1,0,0,0,0,0,0,0,0,6,Serious Injury,19
0,0,0,1,0,5,0,1,4,1,5,6,0,1,0,0,0,0,1,2,1,0,0,0,0,0,1,1,0,0,Slight Injury,8
0,4,1,1,0,0,7,1,2,1,1,2,0,1,0,0,0,0,2,2,1,0,1,2,1,1,1,1,0,1,Slight Injury,8
2,0,0,6,2,0,5,0,5,1,4,2,0,1,0,0,0,0,1,2,1,0,0,0,0,0,1,1,0,2,Slight Injury,11
2,4,1,1,2,6,9,0,2,1,1,6,0,1,0,0,0,0,1,2,1,0,1,2,1,1,1,1,0,3,Slight Injury,11
5,1,0,1,2,0,2,0,2,1,1,1,0,1,0,0,0,0,1,2,1,0,2,2,3,1,0,0,0,1,Slight Injury,11
5,1,0,1,2,3,12,3,5,1,5,2,0,1,0,0,0,0,1,2,1,0,2,1,3,1,1,1,0,4,Slight Injury,11
5,1,0,5,2,2,0,1,4,1,5,2,0,1,0,0,0,0,1,2,1,0,0,0,0,0,5,1,0,5,Slight Injury,15
5,1,0,5,2,1,6,0,5,0,5,1,0,1,0,0,0,0,1,2,1,3,1,1,1,1,5,1,0,6,Slight Injury,15
6,0,0,1,2,3,5,0,0,1,5,2,0,1,0,0,0,0,1,1,1,13,1,2,4,1,5,1,0,3,Slight Injury,16
0,0,0,3,2,1,6,2,2,1,0,1,0,2,0,0,0,0,2,2,1,6,1,2,1,1,1,1,0,0,Slight Injury,19
0,0,0,7,2,2,0,0,4,0,6,1,0,2,0,0,0,0,1,2,1,11,0,0,0,0,2,1,0,2,Slight Injury,19
0,0,0,2,2,4,8,0,4,1,1,3,0,0,0,0,0,0,1,2,1,0,1,1,4,1,0,0,0,7,Slight Injury,11
0,0,0,1,2,2,8,0,4,1,6,2,0,0,0,0,0,0,1,2,1,0,2,1,3,1,5,1,5,8,Slight Injury,11
6,0,0,1,2,6,6,0,4,1,5,6,0,1,0,0,1,0,1,2,1,3,1,1,4,1,2,1,0,6,Serious Injury,21
6,1,0,1,2,3,5,0,2,1,4,2,0,1,0,0,1,0,1,2,1,11,2,1,2,2,0,0,1,8,Serious Injury,21
5,1,0,3,0,3,5,0,3,1,12,2,7,1,0,0,0,0,1,1,1,0,0,0,0,0,0,0,0,8,Slight Injury,8
3,1,0,1,0,3,6,0,1,1,1,6,2,1,0,0,0,0,1,1,1,0,0,0,0,0,1,1,0,0,Slight Injury,14
4,0,0,1,0,3,14,0,6,1,5,2,7,1,0,0,1,0,2,3,2,11,1,1,1,1,0,0,0,3,Slight Injury,1
4,4,1,1,0,2,6,0,5,1,1,1,0,1,0,0,1,0,5,3,2,0,0,0,0,0,1,1,0,7,Slight Injury,1
4,1,0,1,0,2,6,0,2,1,5,1,0,1,0,0,1,0,1,3,2,3,0,0,0,0,1,1,0,0,Slight Injury,1
1,1,0,1,0,1,4,0,4,1,5,6,0,0,0,0,0,0,1,2,2,0,1,1,2,1,1,1,0,9,Slight Injury,19
1,1,0,3,0,2,0,0,2,1,1,1,0,0,0,0,0,0,1,2,2,3,1,1,4,1,1,1,0,1,Slight Injury,19
5,1,0,1,0,2,0,0,2,0,5,3,0,2,0,0,0,0,1,2,1,0,0,0,0,0,5,1,0,4,Slight Injury,7
5,1,0,1,0,1,9,0,2,1,6,2,0,2,0,0,0,0,1,2,1,2,0,0,0,0,5,1,0,3,Slight Injury,7
2,1,0,3,2,4,3,0,2,0,1,6,0,1,0,0,0,0,1,2,1,13,1,1,2,1,1,1,0,10,Slight Injury,9
2,0,0,1,2,2,10,0,0,0,1,6,0,1,0,0,0,0,1,2,1,0,1,1,2,2,1,1,0,5,Slight Injury,9
2,3,0,1,0,2,3,0,4,1,5,1,6,1,0,0,0,0,1,1,1,0,2,1,3,1,0,0,3,2,Slight Injury,16
2,1,0,1,0,6,0,0,4,1,0,1,0,1,0,0,1,0,2,1,1,6,0,0,0,0,1,1,0,3,Slight Injury,1
2,1,0,2,3,4,0,0,5,0,0,1,0,5,0,0,0,0,1,2,1,6,1,1,2,1,1,1,0,7,Slight Injury,19
2,1,0,1,0,2,6,0,1,2,4,6,0,5,0,0,0,0,1,2,1,6,0,0,0,0,1,1,0,11,Slight Injury,19
5,0,0,1,0,2,4,0,5,2,5,2,0,0,0,0,0,7,1,2,1,0,1,1,2,1,0,1,0,2,Serious Injury,9
5,4,1,1,0,1,4,0,5,0,1,0,7,0,0,0,0,7,1,2,1,0,1,1,2,2,0,0,0,6,Serious Injury,9
4,1,0,4,0,1,5,1,5,0,12,3,0,0,0,0,0,0,7,2,1,0,0,0,0,0,1,1,0,3,Slight Injury,16
4,0,0,1,0,1,5,0,5,0,5,6,7,0,0,0,0,0,7,2,1,0,0,0,0,0,1,1,0,8,Slight Injury,16
3,0,0,1,0,1,9,0,1,0,5,6,4,0,0,0,0,0,1,2,1,2,3,2,2,1,5,1,0,7,Serious Injury,9
3,0,0,1,0,1,0,1,5,0,6,6,0,0,0,0,0,0,1,2,1,0,3,2,3,1,1,1,0,8,Serious Injury,9
4,1,0,1,0,1,0,2,2,1,1,0,2,1,0,0,0,0,1,1,1,2,0,0,0,0,1,1,0,6,Serious Injury,13