Day_of_week,Age_band_of_driver,Sex_of_driver,Educational_level,Vehicle_driver_relation,Driving_experience,Type_of_vehicle,Owner_of_vehicle,Service_year_of_vehicle,Defect_of_vehicle,Area_accident_occured,Lanes_or_Medians,Road_allignment,Types_of_Junction,Road_surface_type,Road_surface_conditions,Light_conditions,Weather_conditions,Type_of_collision,Number_of_vehicles_involved,Number_of_casualties,Vehicle_movement,Casualty_class,Sex_of_casualty,Age_band_of_casualty,Casualty_severity,Work_of_casuality,Fitness_of_casuality,Pedestrian_movement,Cause_of_accident,Accident_severity,Hour
2,4,0,6,2,0,2,0,2,0,2,6,0,0,0,1,0,1,1,2,1,2,1,1,1,1,2,1,0,8,Slight Injury,19
2,0,0,1,2,6,0,0,5,0,2,4,0,0,0,1,0,1,2,2,1,2,0,0,0,0,0,1,0,2,Slight Injury,19
6,1,0,1,2,0,9,0,2,0,5,6,0,0,0,0,1,0,1,1,1,11,2,2,2,1,1,1,0,3,Slight Injury,23
1,0,0,1,2,3,7,3,3,0,1,6,0,0,0,0,1,0,1,3,2,0,0,0,0,0,1,1,0,12,Slight Injury,22
1,0,0,5,2,2,0,0,4,0,0,6,0,0,0,0,1,0,1,3,2,7,1,1,2,1,5,1,0,8,Slight Injury,22
1,0,0,5,2,1,0,0,4,0,5,6,0,0,0,0,1,0,1,3,2,3,0,0,0,0,0,0,0,2,Slight Injury,22
1,1,0,1,2,3,0,2,3,1,0,1,7,0,0,0,1,0,1,3,2,5,2,1,1,1,0,0,0,0,Slight Injury,22
2,1,0,3,2,1,10,0,2,0,6,3,0,1,0,0,0,0,1,2,1,0,2,2,2,1,4,1,3,8,Slight Injury,19
2,0,0,7,2,2,12,0,4,1,5,4,0,1,0,0,0,0,7,2,1,0,3,1,3,1,1,1,0,7,Slight Injury,19
2,4,1,2,2,4,12,0,1,0,1,6,6,1,0,0,0,0,1,2,1,0,1,1,3,1,2,1,0,2,Slight Injury,14
2,1,0,1,2,2,12,0,4,1,5,1,0,1,0,0,0,0,2,2,1,3,1,1,2,1,1,1,0,8,Slight Injury,14
5,0,0,1,2,6,4,0,5,1,2,6,7,0,0,1,0,0,1,4,1,6,0,0,0,0,1,1,0,12,Slight Injury,7
5,1,0,1,2,3,2,0,2,0,5,1,0,0,0,1,0,0,2,4,1,2,0,0,0,0,1,1,0,6,Slight Injury,7
5,0,0,3,0,3,7,0,3,0,1,6,0,0,0,1,0,0,1,4,1,11,1,1,5,1,1,1,0,3,Slight Injury,7
5,1,0,1,0,3,0,1,2,0,0,1,0,0,0,1,0,0,1,4,1,0,0,0,0,0,1,1,0,0,Slight Injury,7
2,0,0,1,0,3,0,0,5,0,1,4,0,1,1,0,0,0,7,2,1,0,1,1,3,1,1,1,0,6,Slight Injury,17
2,0,0,1,0,2,10,0,2,0,1,6,0,1,0,0,0,0,1,2,1,0,1,1,2,2,1,1,0,7,Slight Injury,17
3,2,0,1,0,2,2,0,5,0,6,3,0,0,2,1,1,0,1,2,1,0,0,0,0,0,1,1,0,2,Slight Injury,20
3,1,0,1,0,1,2,0,2,0,6,1,0,0,2,1,1,0,1,2,1,0,1,1,3,1,0,1,0,2,Slight Injury,20
0,0,0,3,0,2,2,0,2,0,0,1,0,5,0,1,0,0,1,2,1,0,0,0,0,0,0,1,0,18,Slight Injury,17
0,0,0,1,0,2,1,0,2,0,5,1,0,5,1,1,0,0,7,2,1,0,2,2,2,1,0,1,2,0,Slight Injury,17
0,0,0,1,0,1,7,0,5,1,5,2,0,0,0,0,0,0,1,2,1,0,1,1,2,2,0,1,0,3,Serious Injury,11
0,2,0,3,2,4,12,0,2,0,4,1,0,0,0,0,0,0,1,2,1,0,0,0,0,0,0,1,0,3,Serious Injury,11
6,0,0,1,2,2,7,0,4,1,0,1,0,0,1,0,0,0,1,2,1,11,0,0,0,0,0,1,0,8,Slight Injury,16
6,1,0,1,0,2,12,0,5,1,1,1,0,0,0,0,0,0,1,2,1,2,1,1,2,1,0,1,0,0,Slight Injury,16
0,3,0,1,0,6,7,0,5,1,0,1,0,4,0,0,0,0,2,2,1,0,0,0,0,0,0,1,0,8,Serious Injury,13
0,1,0,2,3,4,10,0,5,0,5,6,0,4,0,0,0,0,1,2,1,2,1,1,2,1,1,0,0,12,Serious Injury,13
3,4,0,1,0,2,0,0,2,0,5,6,0,0,0,0,0,0,1,1,1,0,2,2,1,1,1,0,3,7,Slight Injury,8
4,4,0,1,0,2,2,0,2,0,2,6,0,1,0,0,0,0,1,2,3,2,2,1,4,2,1,1,0,6,Slight Injury,12
4,1,0,1,0,1,16,0,1,1,6,4,0,1,0,0,0,0,1,2,3,13,1,2,2,1,1,1,0,0,Slight Injury,12
4,1,0,4,0,1,2,0,2,1,12,6,0,1,0,0,0,0,2,2,3,0,0,0,0,0,1,1,0,3,Slight Injury,12
4,1,0,1,0,1,2,0,4,1,1,1,0,1,0,0,0,0,1,2,3,0,0,0,0,0,0,1,0,8,Slight Injury,12
5,0,0,1,0,1,1,0,3,1,5,0,0,1,0,0,0,0,1,2,1,0,3,2,2,1,1,1,0,12,Slight Injury,10
5,1,0,1,0,1,0,0,1,1,0,1,0,1,0,0,0,0,1,2,1,0,3,2,3,1,1,1,0,2,Slight Injury,10
5,3,0,1,0,1,0,0,0,1,5,1,0,0,0,0,0,0,1,1,1,11,1,1,2,1,5,1,0,0,Slight Injury,13
4,0,0,1,0,2,0,0,3,0,5,2,7,1,0,0,1,0,1,1,1,0,2,1,5,1,1,1,0,8,Serious Injury,21
2,1,0,1,0,3,1,0,4,1,1,4,7,1,3,0,0,0,1,3,2,2,2,1,1,1,1,1,0,3,Slight Injury,15
2,1,0,1,0,6,5,0,2,0,0,6,0,1,0,0,0,0,1,3,2,2,3,2,1,1,5,1,0,6,Slight Injury,15
2,4,0,1,0,6,9,0,2,0,5,6,0,1,0,0,0,0,1,3,2,2,3,2,1,1,0,0,0,9,Slight Injury,15
2,0,0,1,0,3,5,3,4,1,0,1,0,0,0,0,0,0,1,2,2,0,1,1,2,1,1,1,0,8,Slight Injury,8
2,0,0,3,0,6,9,0,2,0,6,6,0,0,0,0,0,0,1,2,2,0,2,1,2,1,2,1,3,8,Slight Injury,8
2,4,0,1,0,6,16,1,2,0,0,6,0,0,0,0,0,0,1,2,2,0,1,1,2,1,1,1,0,2,Slight Injury,8
0,0,0,1,0,4,5,0,2,0,1,4,0,0,0,1,1,0,2,2,1,0,0,0,0,0,5,1,0,6,Slight Injury,22
0,4,1,2,0,2,3,1,6,0,0,6,0,0,0,1,1,0,2,2,1,11,1,1,1,1,1,1,0,12,Slight Injury,22
3,0,0,7,0,6,3,0,5,0,5,4,0,4,0,0,0,0,2,2,2,0,3,1,4,1,1,1,0,3,Serious Injury,14
3,0,0,1,0,6,2,0,5,1,3,6,0,4,0,0,0,0,7,2,2,0,1,2,3,1,0,0,0,8,Serious Injury,14
3,0,0,1,0,0,12,0,5,1,6,6,0,4,0,0,0,0,1,2,2,0,0,0,0,0,1,1,0,3,Serious Injury,14
2,4,0,3,0,1,12,0,4,0,0,1,7,0,0,0,0,7,1,2,2,6,1,2,5,1,1,1,0,8,Slight Injury,11
2,1,0,3,0,1,0,2,2,1,4,6,0,0,0,0,0,7,7,2,2,2,1,2,3,1,0,0,0,18,Slight Injury,11
2,1,0,3,0,6,12,2,2,1,4,6,0,0,0,0,0,7,1,2,2,0,1,1,1,1,0,0,0,2,Slight Injury,11
3,0,0,4,0,3,0,0,3,0,1,1,0,1,0,0,0,0,1,3,3,0,0,0,0,0,1,1,0,9,Slight Injury,8
3,0,0,1,0,3,4,0,0,0,10,6,6,1,0,0,0,0,1,3,3,6,1,1,2,1,1,1,0,4,Slight Injury,8
3,0,0,0,0,1,2,0,0,0,6,6,7,1,0,0,0,0,1,3,3,0,2,2,2,1,6,1,0,12,Slight Injury,8
3,1,0,1,0,3,3,0,2,0,1,2,6,1,0,0,0,0,1,3,3,6,1,1,2,1,0,0,0,1,Slight Injury,8
0,2,0,1,0,3,0,0,0,1,6,6,7,0,0,1,1,1,1,2,1,11,0,0,0,0,0,0,0,8,Slight Injury,1
0,1,0,4,0,0,3,2,2,1,1,2,6,0,0,1,1,1,2,2,1,13,1,1,2,1,0,1,0,16,Slight Injury,1
3,0,0,1,0,2,2,1,2,0,1,1,0,2,4,0,1,0,7,2,1,0,0,0,0,0,1,1,0,12,Serious Injury,21
3,2,0,1,0,6,3,0,3,0,12,6,0,2,0,0,1,0,1,2,1,0,2,1,2,2,1,1,3,7,Serious Injury,21
5,0,0,1,0,6,2,0,6,0,0,6,0,0,0,0,0,0,1,2,1,0,1,1,2,1,0,0,0,8,Slight Injury,17
5,0,0,3,0,4,8,0,2,0,1,2,6,0,0,0,0,0,2,2,1,0,0,0,0,0,0,0,0,6,Slight Injury,17
6,1,0,1,0,6,2,0,5,0,13,2,0,1,0,1,0,0,1,2,1,0,1,1,2,1,0,0,0,9,Slight Injury,16
6,3,0,1,0,0,2,0,5,0,5,6,0,1,0,1,0,0,1,2,1,0,1,1,2,1,0,0,0,7,Slight Injury,16
2,0,0,3,0,3,12,0,5,0,0,1,0,0,0,0,0,0,1,2,2,0,2,2,1,2,1,1,0,3,Slight Injury,14
2,1,0,4,0,0,10,0,5,0,1,1,0,0,0,0,0,0,1,2,2,0,3,2,1,1,1,1,0,0,Slight Injury,14
2,1,0,1,0,2,10,0,5,0,1,1,0,0,0,0,0,0,1,2,2,0,3,1,2,1,1,1,0,2,Slight Injury,14
6,1,0,1,0,6,2,0,5,0,0,1,0,0,0,1,0,1,1,1,1,0,1,1,2,1,2,1,0,8,Slight Injury,18
5,4,0,4,0,1,2,0,5,0,1,1,0,0,0,0,0,0,1,2,1,0,3,2,2,1,1,1,0,12,Serious Injury,17
5,2,0,3,2,2,12,0,5,0,1,1,0,0,0,0,0,0,1,2,1,0,0,0,0,0,0,0,0,18,Serious Injury,17
5,4,1,3,0,6,0,0,5,0,1,0,0,0,0,0,0,0,2,1,1,0,1,1,2,1,1,1,0,12,Slight Injury,11
4,3,0,1,0,2,3,0,5,0,1,6,0,2,0,1,1,4,2,2,1,0,0,0,0,0,1,1,0,12,Slight Injury,21
4,1,0,3,2,2,8,0,5,0,5,1,0,2,0,1,1,4,2,2,1,0,1,1,1,1,3,1,0,3,Slight Injury,21
4,2,0,1,0,3,2,0,5,0,5,6,0,0,4,1,1,1,1,1,1,2,0,0,0,0,1,1,0,8,Slight Injury,1
3,1,0,1,0,1,12,0,4,1,5,6,0,0,0,0,0,0,7,1,1,0,3,2,3,1,1,1,0,12,Serious Injury,8
4,3,0,1,0,2,0,0,4,1,0,4,0,1,0,0,0,0,1,2,1,0,3,1,3,1,1,1,0,7,Slight Injury,10
4,0,0,4,0,0,1,0,4,1,12,1,2,1,0,0,0,0,7,2,1,0,3,2,3,1,1,1,0,8,Slight Injury,10
6,1,0,3,2,4,10,0,4,1,0,1,2,4,0,0,0,7,1,2,1,0,0,0,0,0,4,1,0,0,Slight Injury,17
6,0,0,1,2,2,0,0,4,0,1,6,0,4,1,0,0,7,7,2,1,0,1,1,2,1,1,1,0,0,Slight Injury,17
3,4,0,1,0,2,2,0,2,0,6,4,0,2,0,0,0,0,1,2,1,6,0,0,0,0,5,1,0,6,Slight Injury,11
3,1,0,1,0,6,12,0,2,0,5,1,0,2,0,0,0,0,1,2,1,0,3,1,2,1,1,1,0,8,Slight Injury,11
6,3,0,2,3,4,4,0,4,0,5,4,0,0,2,0,0,0,1,2,5,0,3,1,2,1,1,1,0,0,Slight Injury,13
6,1,0,1,0,2,12,0,1,0,5,6,0,0,4,0,0,0,1,2,5,11,3,1,2,1,0,0,0,3,Slight Injury,13
6,1,0,1,0,2,12,0,2,0,5,6,0,0,0,0,0,0,1,2,5,12,3,1,2,1,1,1,0,0,Slight Injury,13
6,1,0,1,0,1,11,0,2,0,1,1,0,0,2,0,0,0,1,2,5,3,1,1,2,1,0,0,0,3,Slight Injury,13
6,1,0,4,0,1,2,0,2,0,1,5,0,0,0,0,0,0,1,2,5,0,0,0,0,0,0,0,0,12,Slight Injury,13
6,4,1,1,0,1,2,0,5,0,0,1,0,1,1,0,0,0,1,2,2,0,2,1,1,1,0,1,2,3,Slight Injury,12
6,0,0,1,0,1,9,0,5,0,1,4,0,1,0,0,0,0,1,2,2,0,2,1,1,1,1,1,3,8,Slight Injury,12
6,0,0,1,0,1,5,0,5,0,0,6,0,1,0,0,0,0,1,2,2,0,1,1,1,1,1,1,0,0,Slight Injury,12
3,1,0,1,0,1,0,0,5,0,1,1,0,2,0,0,0,0,1,2,1,0,0,0,0,0,1,1,0,12,Slight Injury,17
3,1,0,1,0,2,0,0,5,0,5,6,0,2,0,0,0,0,1,2,1,0,1,1,1,1,1,1,0,8,Slight Injury,17
0,2,0,1,0,3,9,0,5,0,1,4,0,1,0,0,0,0,5,2,2,0,0,0,0,0,1,1,0,6,Slight Injury,19
0,0,0,1,0,6,0,0,5,0,12,1,0,1,1,0,0,0,2,2,2,0,1,1,2,1,1,1,0,3,Slight Injury,19
0,0,0,1,0,6,12,0,2,1,0,4,0,1,0,0,0,0,1,2,2,5,0,0,0,0,4,1,0,0,Slight Injury,19
3,4,0,1,0,3,2,0,2,1,1,1,0,4,0,1,0,4,1,2,2,5,1,1,2,1,0,1,0,18,Slight Injury,8
3,0,0,3,0,6,4,0,5,0,0,1,0,4,0,1,0,4,1,2,2,5,0,0,0,0,1,1,0,3,Slight Injury,8
3,0,0,1,0,6,9,0,0,1,1,1,0,4,0,1,0,4,7,2,2,2,1,1,1,2,0,0,0,6,Slight Injury,8
1,4,0,1,0,4,10,0,0,1,0,4,0,0,0,0,0,0,7,2,2,0,0,0,0,0,5,1,0,2,Slight Injury,10
1,0,0,2,0,2,12,0,5,0,5,2,0,0,0,0,0,0,1,2,2,0,1,2,2,1,0,0,0,12,Slight Injury,10
1,0,0,7,0,6,9,4,5,1,5,6,0,0,0,0,0,0,1,2,2,4,0,0,0,0,5,1,0,7,Slight Injury,10
1,0,0,1,0,6,4,0,1,1,1,6,0,0,0,0,1,0,7,2,1,0,2,2,2,1,0,0,0,7,Slight Injury,4
1,0,0,1,0,0,7,0,0,0,1,6,0,0,0,0,1,0,7,2,1,11,2,1,3,1,5,1,2,3,Slight Injury,4
5,0,0,3,0,1,2,0,4,0,0,6,0,1,0,0,0,0,7,3,2,0,2,1,2,1,0,0,0,19,Slight Injury,14
5,0,0,3,0,1,9,0,2,0,5,6,0,1,0,0,0,0,1,3,2,0,1,1,1,1,0,0,0,2,Slight Injury,14
5,0,0,3,0,6,2,1,2,0,5,1,0,1,1,0,0,0,2,3,2,0,0,0,0,0,5,1,0,2,Slight Injury,14
6,0,0,4,0,3,9,0,2,0,1,6,0,2,0,1,1,1,1,2,1,0,2,1,3,1,4,1,8,14,Slight Injury,20
6,1,0,1,0,3,6,0,2,0,1,6,0,2,0,1,1,1,1,2,1,10,0,0,0,0,2,1,0,2,Slight Injury,20
5,0,0,0,0,1,0,0,5,0,6,1,0,3,0,0,0,0,2,2,1,0,1,2,5,2,4,1,0,18,Slight Injury,18
5,0,0,1,0,3,1,1,5,0,5,4,0,3,0,0,0,0,1,2,1,0,3,2,5,1,0,0,0,7,Slight Injury,18
0,0,0,1,0,3,2,0,5,0,1,1,0,0,5,0,0,0,1,2,1,0,1,1,3,1,4,1,0,2,Slight Injury,5
0,1,0,4,0,0,1,0,3,1,1,6,0,0,4,0,0,0,1,2,1,3,0,0,0,0,0,0,0,0,Slight Injury,5
6,1,0,1,0,2,3,0,6,1,0,6,0,1,4,0,0,0,1,2,3,0,2,1,2,1,4,1,3,8,Slight Injury,13
6,1,0,1,0,6,3,2,2,1,5,1,0,1,0,0,0,0,7,2,3,0,1,1,1,1,4,1,0,3,Slight Injury,13
6,1,0,1,0,6,0,0,1,1,0,6,0,1,0,0,0,0,5,2,3,5,0,0,0,0,4,1,0,6,Slight Injury,13
3,0,0,3,0,4,0,1,2,1,1,6,0,1,1,0,0,0,1,2,1,2,3,2,1,1,1,1,0,0,Slight Injury,6
3,1,0,1,0,6,2,0,1,1,1,1,0,1,0,0,0,0,1,2,1,5,0,0,0,0,1,1,0,1,Slight Injury,6
6,4,1,1,0,0,0,0,0,1,5,1,0,0,0,0,0,0,1,3,1,10,1,1,3,1,6,1,0,2,Slight Injury,16
6,1,0,3,0,3,4,0,3,0,5,2,7,0,0,0,0,0,2,3,1,0,0,0,0,0,1,1,0,3,Slight Injury,16
6,1,0,4,0,0,0,0,4,1,1,4,7,0,0,0,0,0,1,3,1,0,1,2,2,1,5,1,0,1,Slight Injury,16
4,3,0,1,0,2,1,0,2,0,0,6,0,0,1,0,0,0,5,2,1,0,1,1,2,1,0,0,0,4,Slight Injury,16
4,2,0,1,0,6,2,0,2,0,5,6,0,0,0,0,0,0,2,2,1,6,2,1,2,1,0,0,0,5,Slight Injury,16
4,3,0,4,0,1,0,3,4,1,0,1,0,1,0,0,0,0,1,2,3,5,1,1,2,1,1,1,0,6,Fatal injury,18
4,3,0,3,2,2,5,0,2,0,6,6,0,1,0,0,0,0,1,2,3,0,0,0,0,0,1,1,0,3,Fatal injury,18
4,3,0,3,0,6,4,1,2,0,0,6,0,1,0,0,0,0,1,2,3,0,3,2,4,1,1,1,0,0,Fatal injury,18
4,4,0,1,0,2,4,0,2,0,1,4,0,1,0,0,0,0,1,2,3,0,0,0,0,0,1,1,0,2,Fatal injury,18
2,1,0,3,2,2,3,1,6,0,0,6,0,0,0,0,0,0,1,3,3,6,1,1,2,1,0,0,0,7,Slight Injury,14
2,1,0,1,0,3,6,0,5,0,5,4,0,0,0,0,0,0,1,3,3,0,0,0,0,0,1,1,0,8,Slight Injury,14
2,1,0,1,0,1,2,0,5,1,3,6,0,0,0,0,0,0,7,3,3,9,1,1,2,1,5,1,0,6,Slight Injury,14
2,1,0,1,0,2,5,0,5,1,6,6,0,0,0,0,0,0,1,3,3,10,0,0,0,0,5,1,0,8,Slight Injury,14
3,1,0,4,0,0,2,0,4,0,0,1,7,0,0,1,0,4,1,2,1,0,1,1,1,1,5,1,0,8,Slight Injury,8
3,4,1,1,0,1,7,2,2,1,4,6,0,0,1,1,0,4,2,2,1,6,1,1,2,1,1,1,0,0,Slight Injury,8
3,4,0,3,2,3,3,2,2,1,4,6,0,3,0,0,0,0,1,1,1,0,0,0,0,0,2,1,0,3,Slight Injury,12
0,4,0,1,0,2,8,0,3,0,1,1,0,0,0,0,0,7,1,1,1,0,1,1,2,1,0,0,0,7,Slight Injury,16
0,4,0,1,0,6,3,0,0,0,10,6,6,1,0,0,0,0,1,2,1,6,0,0,0,0,5,1,0,0,Slight Injury,16
0,0,0,1,0,2,0,0,0,0,6,6,7,1,0,0,0,0,2,2,1,0,2,1,1,2,2,1,3,9,Slight Injury,16
4,4,0,4,0,1,3,0,2,0,1,2,6,0,1,0,0,0,1,1,1,4,1,2,1,1,0,0,0,1,Slight Injury,16
0,2,0,1,0,2,2,0,0,1,6,6,7,0,0,0,0,0,1,2,2,0,0,0,0,0,0,0,0,4,Slight Injury,8
0,1,0,3,0,0,0,2,2,1,1,2,6,0,0,0,0,0,1,2,2,0,0,0,0,0,1,1,0,3,Slight Injury,8
4,1,0,1,0,4,0,1,2,0,1,1,0,1,0,0,1,0,1,2,2,0,1,1,1,1,0,0,0,10,Serious Injury,20
4,0,0,0,0,0,2,0,3,0,12,6,0,1,0,0,1,0,1,2,2,0,3,1,3,1,1,1,0,5,Serious Injury,20
6,4,0,1,0,1,0,0,6,0,0,6,0,0,0,0,0,0,1,2,1,5,2,1,3,1,1,1,0,2,Slight Injury,17
6,4,0,1,0,0,0,0,2,0,1,2,6,0,0,0,0,0,1,2,1,0,2,1,2,1,1,1,2,3,Slight Injury,17
5,2,0,1,0,2,0,0,5,0,13,2,0,1,0,0,0,0,2,3,1,0,1,1,1,1,1,1,0,7,Slight Injury,17
5,0,0,1,0,3,8,0,5,0,5,6,0,1,0,0,0,0,1,3,1,0,0,0,0,0,5,1,0,11,Slight Injury,17
5,1,0,2,3,4,3,0,5,0,0,1,0,1,5,0,0,0,1,3,1,6,0,0,0,0,5,1,0,2,Slight Injury,17
1,0,0,1,0,3,3,0,5,0,1,1,0,1,0,0,1,0,1,2,2,3,1,1,1,1,1,1,0,6,Fatal injury,0
1,0,0,1,0,3,0,0,5,0,1,1,0,1,0,0,1,0,1,2,2,0,3,1,4,1,1,1,0,3,Fatal injury,0
1,2,0,1,0,1,9,0,5,0,0,1,0,1,0,0,1,0,1,2,2,0,3,1,2,1,0,0,0,8,Fatal injury,0
3,1,0,1,0,0,3,0,5,0,1,1,0,0,0,0,1,0,1,2,1,0,3,1,2,1,1,1,0,7,Slight Injury,21
3,0,0,0,2,0,0,0,5,0,1,1,0,0,0,0,1,0,1,2,1,0,1,1,4,1,1,1,0,8,Slight Injury,21
4,4,1,0,0,5,7,0,5,0,1,0,0,0,0,0,1,7,2,1,1,5,1,1,1,1,1,1,0,6,Slight Injury,11
2,1,0,1,0,0,4,0,5,0,1,6,0,0,0,0,0,0,5,3,1,0,2,1,4,1,0,1,0,5,Slight Injury,17
2,0,0,1,0,2,5,0,5,0,5,1,0,0,1,0,0,0,1,3,1,0,2,1,4,2,0,0,0,12,Slight Injury,17
2,0,0,1,0,1,10,0,5,0,5,6,0,0,0,0,0,0,1,3,1,0,1,1,1,1,1,1,0,2,Slight Injury,17
6,4,1,1,0,1,11,0,4,1,5,6,0,2,0,1,0,1,1,2,1,0,1,1,1,1,1,1,0,12,Slight Injury,12
6,3,0,1,2,2,10,0,4,1,0,4,0,2,0,1,0,1,1,2,1,0,1,1,2,1,5,1,0,2,Slight Injury,12
5,4,1,3,0,3,0,0,4,1,12,1,2,0,0,0,0,0,1,2,1,0,2,1,3,1,1,1,0,6,Slight Injury,12
5,0,0,1,0,3,0,0,4,1,0,1,2,0,0,0,0,0,1,2,1,0,2,2,4,1,1,1,0,8,Slight Injury,12
2,0,0,1,0,6,12,0,4,0,1,6,0,1,0,0,0,0,1,2,1,0,1,1,2,1,1,1,0,3,Slight Injury,7
2,0,0,1,0,3,8,0,2,0,6,4,0,1,0,0,0,0,1,2,1,0,0,0,0,0,0,0,0,3,Slight Injury,7
6,4,0,1,0,3,0,0,2,0,5,1,0,1,0,0,1,7,2,2,1,0,1,2,1,1,1,1,0,13,Slight Injury,22
6,0,0,3,0,2,10,0,4,0,5,4,0,1,0,0,1,7,1,2,1,6,0,0,0,0,1,1,0,8,Slight Injury,22
1,4,0,1,0,1,0,0,1,0,5,6,0,0,0,0,0,0,1,2,1,0,3,1,4,1,5,1,0,3,Slight Injury,6
1,1,0,2,3,4,7,0,2,0,5,6,0,0,0,0,0,0,1,2,1,3,2,2,3,1,0,1,0,2,Slight Injury,6
2,1,0,1,0,3,3,0,2,0,1,1,0,1,0,0,0,0,1,1,2,0,1,1,1,1,0,0,0,9,Slight Injury,15
2,1,0,1,0,2,0,0,2,0,1,5,0,1,0,0,0,0,7,1,2,0,0,0,0,0,1,1,0,5,Slight Injury,15
2,0,0,0,0,3,2,0,5,0,0,1,0,1,0,0,0,0,7,2,1,0,1,1,2,1,1,1,0,5,Slight Injury,14
2,3,0,2,3,4,3,0,5,0,1,4,0,1,0,0,0,0,1,2,1,0,0,0,0,0,1,1,0,8,Slight Injury,14
5,0,0,2,0,0,1,0,5,0,0,6,0,0,1,0,0,0,1,2,1,6,1,1,1,2,0,0,0,6,Slight Injury,13
5,0,0,1,0,3,3,0,5,0,1,1,0,0,0,0,0,0,1,2,1,0,0,0,0,0,1,1,0,1,Slight Injury,13
1,0,0,1,0,1,7,0,5,0,5,6,0,0,2,0,1,0,5,2,1,3,1,2,2,1,5,1,0,7,Slight Injury,2
1,4,0,1,0,6,7,0,5,0,1,4,0,0,0,0,1,0,1,2,1,0,0,0,0,0,5,1,0,8,Slight Injury,2
6,3,0,1,0,3,0,0,5,0,12,1,0,1,0,0,0,0,1,1,1,0,0,0,0,0,0,0,0,3,Slight Injury,17
5,0,0,1,0,6,3,0,2,1,0,4,0,0,0,0,1,0,7,2,2,0,3,2,4,1,0,1,0,12,Slight Injury,18
5,1,0,4,0,2,0,0,2,1,1,1,0,0,0,0,1,0,1,2,2,0,0,0,0,0,1,1,0,3,Slight Injury,18
4,4,1,0,0,0,2,0,5,0,0,1,0,0,0,0,1,0,1,2,1,0,1,1,2,1,1,1,0,1,Serious Injury,19
4,1,0,1,0,6,7,0,5,0,1,1,0,0,0,0,1,0,1,2,1,5,1,1,2,1,0,0,0,5,Serious Injury,19
5,0,0,2,3,4,5,0,4,0,1,6,0,1,0,1,1,0,7,1,1,2,0,0,0,0,1,1,0,14,Serious Injury,19
1,4,0,4,0,6,0,0,2,1,0,1,0,0,0,0,0,0,1,2,2,0,3,2,4,1,5,1,0,13,Slight Injury,12
1,0,0,4,0,6,0,0,5,1,5,6,0,0,0,0,0,0,7,2,2,3,1,1,3,1,5,1,0,15,Slight Injury,12
0,4,0,2,3,4,0,0,0,1,3,1,0,0,4,0,0,0,1,2,1,0,0,0,0,0,5,1,0,3,Slight Injury,6
0,3,0,4,0,3,13,0,5,1,1,6,0,0,0,0,0,0,1,2,1,13,3,2,2,1,0,0,0,8,Slight Injury,6
2,4,0,1,0,1,7,3,5,1,2,6,0,0,0,0,1,0,1,2,1,0,2,2,1,1,5,1,0,5,Slight Injury,20
2,4,1,1,0,1,5,0,3,0,0,6,0,0,0,0,1,0,1,2,1,0,0,0,0,0,5,1,0,6,Slight Injury,20
1,0,0,1,0,2,3,0,0,1,0,1,0,1,0,0,2,7,1,2,1,0,1,1,1,1,1,2,0,2,Slight Injury,18
1,2,0,1,0,0,3,0,1,1,6,1,7,1,0,0,2,7,2,2,1,0,0,0,0,0,1,1,0,7,Slight Injury,18
2,4,1,5,0,6,0,0,1,1,0,1,0,0,0,0,1,0,1,1,1,3,1,1,2,1,5,1,0,1,Serious Injury,22
2,1,0,1,0,6,5,0,5,0,4,2,0,0,0,0,0,7,1,1,1,3,0,0,0,0,5,1,0,12,Slight Injury,16
0,4,0,4,0,3,2,0,1,0,5,1,0,0,0,1,1,1,2,2,2,0,1,1,3,1,1,1,0,6,Slight Injury,18
0,1,0,1,2,0,9,0,5,1,5,5,0,0,0,1,1,1,1,2,2,5,0,0,0,0,1,1,0,7,Slight Injury,18
0,1,0,1,0,2,5,0,5,0,6,5,0,0,0,1,1,1,1,2,2,5,1,1,4,1,0,0,0,3,Slight Injury,18
4,4,0,3,0,3,10,1,2,0,5,5,0,1,0,0,0,0,1,2,1,0,2,2,4,1,1,1,0,12,Slight Injury,17
4,1,0,3,2,2,12,0,5,0,6,5,0,1,0,0,0,0,1,2,1,10,0,0,0,0,1,1,0,3,Slight Injury,17
0,4,1,1,0,1,12,0,5,0,6,6,0,1,0,0,0,0,7,2,1,6,1,1,1,1,6,1,0,3,Slight Injury,12
0,1,0,1,0,2,5,0,0,0,5,1,0,1,0,0,0,0,7,2,1,0,3,1,3,1,4,1,0,2,Slight Injury,12
6,3,0,4,0,2,3,1,1,0,5,1,0,1,0,0,1,0,1,1,1,5,2,2,2,1,1,1,0,16,Slight Injury,19
1,1,0,1,0,2,0,0,1,0,12,2,0,1,0,0,0,0,1,2,1,5,2,1,4,1,2,1,0,12,Slight Injury,8
1,1,0,1,0,1,2,0,0,0,0,1,0,1,0,0,0,0,2,2,1,6,2,1,4,1,0,1,2,8,Slight Injury,8
3,1,0,1,3,0,12,2,3,0,5,6,0,1,5,0,0,0,1,1,1,3,0,0,0,0,0,0,0,12,Slight Injury,18
1,0,0,1,0,3,2,0,0,0,1,1,0,1,0,1,0,1,1,2,3,2,1,2,2,1,0,0,0,2,Slight Injury,11
1,3,0,1,0,0,0,0,0,0,0,1,0,1,0,1,0,1,1,2,3,0,1,1,1,1,4,0,0,6,Slight Injury,11